hole,panel,panel W x H x T (mm),"X from LEFT edge, BACK VIEW (mm)",Z from BOTTOM edge (mm),dia (mm),depth (mm),side,"check: X from left edge, FACE view"
P02-H01,P02,841.5 x 2404.0 x 22,51.0,75.0,25.0,7.0,BACK (wall side),790.5
P02-H02,P02,841.5 x 2404.0 x 22,51.0,638.5,25.0,7.0,BACK (wall side),790.5
P02-H03,P02,841.5 x 2404.0 x 22,51.0,1202.0,25.0,7.0,BACK (wall side),790.5
P02-H04,P02,841.5 x 2404.0 x 22,51.0,1765.5,25.0,7.0,BACK (wall side),790.5
P02-H05,P02,841.5 x 2404.0 x 22,51.0,2329.0,25.0,7.0,BACK (wall side),790.5
P02-H06,P02,841.5 x 2404.0 x 22,801.5,75.0,25.0,7.0,BACK (wall side),40.0
P02-H07,P02,841.5 x 2404.0 x 22,801.5,638.5,25.0,7.0,BACK (wall side),40.0
P02-H08,P02,841.5 x 2404.0 x 22,801.5,1202.0,25.0,7.0,BACK (wall side),40.0
P02-H09,P02,841.5 x 2404.0 x 22,801.5,1765.5,25.0,7.0,BACK (wall side),40.0
P02-H10,P02,841.5 x 2404.0 x 22,801.5,2329.0,25.0,7.0,BACK (wall side),40.0
P03-H01,P03,841.5 x 678.0 x 22,51.0,75.0,25.0,7.0,BACK (wall side),790.5
P03-H02,P03,841.5 x 678.0 x 22,51.0,603.0,25.0,7.0,BACK (wall side),790.5
P03-H03,P03,841.5 x 678.0 x 22,801.5,75.0,25.0,7.0,BACK (wall side),40.0
P03-H04,P03,841.5 x 678.0 x 22,801.5,603.0,25.0,7.0,BACK (wall side),40.0
P04-H01,P04,841.5 x 678.0 x 22,51.0,75.0,25.0,7.0,BACK (wall side),790.5
P04-H02,P04,841.5 x 678.0 x 22,51.0,603.0,25.0,7.0,BACK (wall side),790.5
P04-H03,P04,841.5 x 678.0 x 22,777.5,75.0,25.0,7.0,BACK (wall side),64.0
P04-H04,P04,841.5 x 678.0 x 22,777.5,603.0,25.0,7.0,BACK (wall side),64.0
P05-H01,P05,841.5 x 2404.0 x 22,51.0,75.0,25.0,7.0,BACK (wall side),790.5
P05-H02,P05,841.5 x 2404.0 x 22,51.0,638.5,25.0,7.0,BACK (wall side),790.5
P05-H03,P05,841.5 x 2404.0 x 22,51.0,1202.0,25.0,7.0,BACK (wall side),790.5
P05-H04,P05,841.5 x 2404.0 x 22,51.0,1765.5,25.0,7.0,BACK (wall side),790.5
P05-H05,P05,841.5 x 2404.0 x 22,51.0,2329.0,25.0,7.0,BACK (wall side),790.5
P05-H06,P05,841.5 x 2404.0 x 22,777.5,75.0,25.0,7.0,BACK (wall side),64.0
P05-H07,P05,841.5 x 2404.0 x 22,777.5,638.5,25.0,7.0,BACK (wall side),64.0
P05-H08,P05,841.5 x 2404.0 x 22,777.5,1202.0,25.0,7.0,BACK (wall side),64.0
P05-H09,P05,841.5 x 2404.0 x 22,777.5,1765.5,25.0,7.0,BACK (wall side),64.0
P05-H10,P05,841.5 x 2404.0 x 22,777.5,2329.0,25.0,7.0,BACK (wall side),64.0
P06-H01,P06,841.5 x 2404.0 x 22,94.5,75.0,25.0,7.0,BACK (wall side),747.0
P06-H02,P06,841.5 x 2404.0 x 22,94.5,638.5,25.0,7.0,BACK (wall side),747.0
P06-H03,P06,841.5 x 2404.0 x 22,94.5,1202.0,25.0,7.0,BACK (wall side),747.0
P06-H04,P06,841.5 x 2404.0 x 22,94.5,1765.5,25.0,7.0,BACK (wall side),747.0
P06-H05,P06,841.5 x 2404.0 x 22,94.5,2329.0,25.0,7.0,BACK (wall side),747.0
P06-H06,P06,841.5 x 2404.0 x 22,777.5,75.0,25.0,7.0,BACK (wall side),64.0
P06-H07,P06,841.5 x 2404.0 x 22,777.5,638.5,25.0,7.0,BACK (wall side),64.0
P06-H08,P06,841.5 x 2404.0 x 22,777.5,1202.0,25.0,7.0,BACK (wall side),64.0
P06-H09,P06,841.5 x 2404.0 x 22,777.5,1765.5,25.0,7.0,BACK (wall side),64.0
P06-H10,P06,841.5 x 2404.0 x 22,777.5,2329.0,25.0,7.0,BACK (wall side),64.0
P07-H01,P07,841.5 x 678.0 x 22,94.5,75.0,25.0,7.0,BACK (wall side),747.0
P07-H02,P07,841.5 x 678.0 x 22,94.5,603.0,25.0,7.0,BACK (wall side),747.0
P07-H03,P07,841.5 x 678.0 x 22,777.5,75.0,25.0,7.0,BACK (wall side),64.0
P07-H04,P07,841.5 x 678.0 x 22,777.5,603.0,25.0,7.0,BACK (wall side),64.0
P08-H01,P08,884.0 x 678.0 x 22,40.0,131.8,25.0,7.0,BACK (wall side),844.0
P08-H02,P08,884.0 x 678.0 x 22,40.0,603.0,25.0,7.0,BACK (wall side),844.0
P08-H03,P08,884.0 x 678.0 x 22,844.0,131.8,25.0,7.0,BACK (wall side),40.0
P08-H04,P08,884.0 x 678.0 x 22,844.0,603.0,25.0,7.0,BACK (wall side),40.0
P09-H01,P09,642.2 x 678.0 x 22,51.0,75.0,25.0,7.0,BACK (wall side),591.2
P09-H02,P09,642.2 x 678.0 x 22,51.0,603.0,25.0,7.0,BACK (wall side),591.2
P09-H03,P09,642.2 x 678.0 x 22,547.7,75.0,25.0,7.0,BACK (wall side),94.5
P09-H04,P09,642.2 x 678.0 x 22,547.7,603.0,25.0,7.0,BACK (wall side),94.5
P10-H01,P10,642.3 x 678.0 x 22,104.0,75.0,25.0,7.0,BACK (wall side),538.3
P10-H02,P10,642.3 x 678.0 x 22,104.0,603.0,25.0,7.0,BACK (wall side),538.3
P10-H03,P10,642.3 x 678.0 x 22,578.3,75.0,25.0,7.0,BACK (wall side),64.0
P10-H04,P10,642.3 x 678.0 x 22,578.3,603.0,25.0,7.0,BACK (wall side),64.0
P11-H01,P11,881.0 x 678.0 x 22,51.0,131.8,25.0,7.0,BACK (wall side),830.0
P11-H02,P11,881.0 x 678.0 x 22,51.0,603.0,25.0,7.0,BACK (wall side),830.0
P11-H03,P11,881.0 x 678.0 x 22,841.0,131.8,25.0,7.0,BACK (wall side),40.0
P11-H04,P11,881.0 x 678.0 x 22,841.0,603.0,25.0,7.0,BACK (wall side),40.0
P12-H01,P12,881.0 x 678.0 x 22,40.0,131.8,25.0,7.0,BACK (wall side),841.0
P12-H02,P12,881.0 x 678.0 x 22,40.0,603.0,25.0,7.0,BACK (wall side),841.0
P12-H03,P12,881.0 x 678.0 x 22,817.0,131.8,25.0,7.0,BACK (wall side),64.0
P12-H04,P12,881.0 x 678.0 x 22,817.0,603.0,25.0,7.0,BACK (wall side),64.0
P13-H01,P13,642.2 x 2404.0 x 22,51.0,75.0,25.0,7.0,BACK (wall side),591.2
P13-H02,P13,642.2 x 2404.0 x 22,51.0,638.5,25.0,7.0,BACK (wall side),591.2
P13-H03,P13,642.2 x 2404.0 x 22,51.0,1202.0,25.0,7.0,BACK (wall side),591.2
P13-H04,P13,642.2 x 2404.0 x 22,51.0,1765.5,25.0,7.0,BACK (wall side),591.2
P13-H05,P13,642.2 x 2404.0 x 22,51.0,2329.0,25.0,7.0,BACK (wall side),591.2
P13-H06,P13,642.2 x 2404.0 x 22,547.7,75.0,25.0,7.0,BACK (wall side),94.5
P13-H07,P13,642.2 x 2404.0 x 22,547.7,638.5,25.0,7.0,BACK (wall side),94.5
P13-H08,P13,642.2 x 2404.0 x 22,547.7,1202.0,25.0,7.0,BACK (wall side),94.5
P13-H09,P13,642.2 x 2404.0 x 22,547.7,1765.5,25.0,7.0,BACK (wall side),94.5
P13-H10,P13,642.2 x 2404.0 x 22,547.7,2329.0,25.0,7.0,BACK (wall side),94.5
P14-H01,P14,642.3 x 2404.0 x 22,104.0,75.0,25.0,7.0,BACK (wall side),538.3
P14-H02,P14,642.3 x 2404.0 x 22,104.0,638.5,25.0,7.0,BACK (wall side),538.3
P14-H03,P14,642.3 x 2404.0 x 22,104.0,1202.0,25.0,7.0,BACK (wall side),538.3
P14-H04,P14,642.3 x 2404.0 x 22,104.0,1765.5,25.0,7.0,BACK (wall side),538.3
P14-H05,P14,642.3 x 2404.0 x 22,104.0,2329.0,25.0,7.0,BACK (wall side),538.3
P14-H06,P14,642.3 x 2404.0 x 22,578.3,75.0,25.0,7.0,BACK (wall side),64.0
P14-H07,P14,642.3 x 2404.0 x 22,578.3,638.5,25.0,7.0,BACK (wall side),64.0
P14-H08,P14,642.3 x 2404.0 x 22,578.3,1202.0,25.0,7.0,BACK (wall side),64.0
P14-H09,P14,642.3 x 2404.0 x 22,578.3,1765.5,25.0,7.0,BACK (wall side),64.0
P14-H10,P14,642.3 x 2404.0 x 22,578.3,2329.0,25.0,7.0,BACK (wall side),64.0
P15-H01,P15,1061.0 x 678.0 x 22,40.0,75.0,25.0,7.0,BACK (wall side),1021.0
P15-H02,P15,1061.0 x 678.0 x 22,40.0,603.0,25.0,7.0,BACK (wall side),1021.0
P15-H03,P15,1061.0 x 678.0 x 22,530.5,75.0,25.0,7.0,BACK (wall side),530.5
P15-H04,P15,1061.0 x 678.0 x 22,530.5,603.0,25.0,7.0,BACK (wall side),530.5
P15-H05,P15,1061.0 x 678.0 x 22,957.0,75.0,25.0,7.0,BACK (wall side),104.0
P15-H06,P15,1061.0 x 678.0 x 22,957.0,603.0,25.0,7.0,BACK (wall side),104.0
P16-H01,P16,1061.0 x 2404.0 x 22,40.0,75.0,25.0,7.0,BACK (wall side),1021.0
P16-H02,P16,1061.0 x 2404.0 x 22,40.0,638.5,25.0,7.0,BACK (wall side),1021.0
P16-H03,P16,1061.0 x 2404.0 x 22,40.0,1202.0,25.0,7.0,BACK (wall side),1021.0
P16-H04,P16,1061.0 x 2404.0 x 22,40.0,1765.5,25.0,7.0,BACK (wall side),1021.0
P16-H05,P16,1061.0 x 2404.0 x 22,40.0,2329.0,25.0,7.0,BACK (wall side),1021.0
P16-H06,P16,1061.0 x 2404.0 x 22,530.5,75.0,25.0,7.0,BACK (wall side),530.5
P16-H07,P16,1061.0 x 2404.0 x 22,530.5,638.5,25.0,7.0,BACK (wall side),530.5
P16-H08,P16,1061.0 x 2404.0 x 22,530.5,1202.0,25.0,7.0,BACK (wall side),530.5
P16-H09,P16,1061.0 x 2404.0 x 22,530.5,1765.5,25.0,7.0,BACK (wall side),530.5
P16-H10,P16,1061.0 x 2404.0 x 22,530.5,2329.0,25.0,7.0,BACK (wall side),530.5
P16-H11,P16,1061.0 x 2404.0 x 22,957.0,75.0,25.0,7.0,BACK (wall side),104.0
P16-H12,P16,1061.0 x 2404.0 x 22,957.0,638.5,25.0,7.0,BACK (wall side),104.0
P16-H13,P16,1061.0 x 2404.0 x 22,957.0,1202.0,25.0,7.0,BACK (wall side),104.0
P16-H14,P16,1061.0 x 2404.0 x 22,957.0,1765.5,25.0,7.0,BACK (wall side),104.0
P16-H15,P16,1061.0 x 2404.0 x 22,957.0,2329.0,25.0,7.0,BACK (wall side),104.0
