frame,member,member length (mm),member width (mm),hole along member from its start (bottom / left end) (mm),hole across member from its left / bottom edge (mm),"X in frame, FACE view (mm)",Z in frame (mm),dia (mm),depth (mm),mates with panel hole
S01,S01 stile L 98,2355,98,60,50,50,60,25,8,P02-H06
S01,S01 stile L 98,2355,98,623.5,50,50,623.5,25,8,P02-H07
S01,S01 stile L 98,2355,98,1187,50,50,1187,25,8,P02-H08
S01,S01 stile L 98,2355,98,1750.5,50,50,1750.5,25,8,P02-H09
S01,S01 stile L 98,2355,98,2314,50,50,2314,25,8,P02-H10
S01,S01 stile R 152,2355,152,60,76,800.5,60,25,8,P02-H01
S01,S01 stile R 152,2355,152,623.5,76,800.5,623.5,25,8,P02-H02
S01,S01 stile R 152,2355,152,1187,76,800.5,1187,25,8,P02-H03
S01,S01 stile R 152,2355,152,1750.5,76,800.5,1750.5,25,8,P02-H04
S01,S01 stile R 152,2355,152,2314,76,800.5,2314,25,8,P02-H05
S02,S02 stile L 98,2355,98,60,49,49,60,25,8,P05-H06
S02,S02 stile L 98,2355,98,623.5,49,49,623.5,25,8,P05-H07
S02,S02 stile L 98,2355,98,1187,49,49,1187,25,8,P05-H08
S02,S02 stile L 98,2355,98,1750.5,49,49,1750.5,25,8,P05-H09
S02,S02 stile L 98,2355,98,2314,49,49,2314,25,8,P05-H10
S02,S02 stile R 152,2355,152,60,76,775.5,60,25,8,P05-H01
S02,S02 stile R 152,2355,152,623.5,76,775.5,623.5,25,8,P05-H02
S02,S02 stile R 152,2355,152,1187,76,775.5,1187,25,8,P05-H03
S02,S02 stile R 152,2355,152,1750.5,76,775.5,1750.5,25,8,P05-H04
S02,S02 stile R 152,2355,152,2314,76,775.5,2314,25,8,P05-H05
S03,S03 stile L 98,2355,98,60,49,49,60,25,8,P06-H06
S03,S03 stile L 98,2355,98,623.5,49,49,623.5,25,8,P06-H07
S03,S03 stile L 98,2355,98,1187,49,49,1187,25,8,P06-H08
S03,S03 stile L 98,2355,98,1750.5,49,49,1750.5,25,8,P06-H09
S03,S03 stile L 98,2355,98,2314,49,49,2314,25,8,P06-H10
S03,S03 stile R 98,2355,98,60,49,732,60,25,8,P06-H01
S03,S03 stile R 98,2355,98,623.5,49,732,623.5,25,8,P06-H02
S03,S03 stile R 98,2355,98,1187,49,732,1187,25,8,P06-H03
S03,S03 stile R 98,2355,98,1750.5,49,732,1750.5,25,8,P06-H04
S03,S03 stile R 98,2355,98,2314,49,732,2314,25,8,P06-H05
S04,S04 stile L 98,2355,98,60,49,49,60,25,8,P13-H06
S04,S04 stile L 98,2355,98,623.5,49,49,623.5,25,8,P13-H07
S04,S04 stile L 98,2355,98,1187,49,49,1187,25,8,P13-H08
S04,S04 stile L 98,2355,98,1750.5,49,49,1750.5,25,8,P13-H09
S04,S04 stile L 98,2355,98,2314,49,49,2314,25,8,P13-H10
S04,S04 stile R 152,2355,152,60,76,545.7,60,25,8,P13-H01
S04,S04 stile R 152,2355,152,623.5,76,545.7,623.5,25,8,P13-H02
S04,S04 stile R 152,2355,152,1187,76,545.7,1187,25,8,P13-H03
S04,S04 stile R 152,2355,152,1750.5,76,545.7,1750.5,25,8,P13-H04
S04,S04 stile R 152,2355,152,2314,76,545.7,2314,25,8,P13-H05
S05,S05 stile L 98,2355,98,60,49,49,60,25,8,P14-H06
S05,S05 stile L 98,2355,98,623.5,49,49,623.5,25,8,P14-H07
S05,S05 stile L 98,2355,98,1187,49,49,1187,25,8,P14-H08
S05,S05 stile L 98,2355,98,1750.5,49,49,1750.5,25,8,P14-H09
S05,S05 stile L 98,2355,98,2314,49,49,2314,25,8,P14-H10
S05,S05 stile R 98,2355,98,60,49,523.3,60,25,8,P14-H01
S05,S05 stile R 98,2355,98,623.5,49,523.3,623.5,25,8,P14-H02
S05,S05 stile R 98,2355,98,1187,49,523.3,1187,25,8,P14-H03
S05,S05 stile R 98,2355,98,1750.5,49,523.3,1750.5,25,8,P14-H04
S05,S05 stile R 98,2355,98,2314,49,523.3,2314,25,8,P14-H05
S06,S06 rail 1 98,820,98,377.5,60,475.5,60,25,8,P16-H06
S06,S06 rail 2 98,820,98,377.5,49,475.5,623.5,25,8,P16-H07
S06,S06 rail 3 98,820,98,377.5,49,475.5,1187,25,8,P16-H08
S06,S06 rail 4 98,820,98,377.5,49,475.5,1750.5,25,8,P16-H09
S06,S06 rail 5 98,820,98,377.5,57,475.5,2314,25,8,P16-H10
S06,S06 stile L 98,2355,98,60,49,49,60,25,8,P16-H11
S06,S06 stile L 98,2355,98,623.5,49,49,623.5,25,8,P16-H12
S06,S06 stile L 98,2355,98,1187,49,49,1187,25,8,P16-H13
S06,S06 stile L 98,2355,98,1750.5,49,49,1750.5,25,8,P16-H14
S06,S06 stile L 98,2355,98,2314,49,49,2314,25,8,P16-H15
S06,S06 stile R 98,2355,98,60,48,966,60,25,8,P16-H01
S06,S06 stile R 98,2355,98,623.5,48,966,623.5,25,8,P16-H02
S06,S06 stile R 98,2355,98,1187,48,966,1187,25,8,P16-H03
S06,S06 stile R 98,2355,98,1750.5,48,966,1750.5,25,8,P16-H04
S06,S06 stile R 98,2355,98,2314,48,966,2314,25,8,P16-H05
S07,S07 stile L 98,732,98,119,50,50,119,25,8,P03-H03
S07,S07 stile L 98,732,98,647,50,50,647,25,8,P03-H04
S07,S07 stile R 152,732,152,119,76,800.5,119,25,8,P03-H01
S07,S07 stile R 152,732,152,647,76,800.5,647,25,8,P03-H02
S08,S08 stile L 98,732,98,119,49,49,119,25,8,P04-H03
S08,S08 stile L 98,732,98,647,49,49,647,25,8,P04-H04
S08,S08 stile R 152,732,152,119,76,775.5,119,25,8,P04-H01
S08,S08 stile R 152,732,152,647,76,775.5,647,25,8,P04-H02
S09,S09 stile L 98,732,98,119,49,49,119,25,8,P07-H03
S09,S09 stile L 98,732,98,647,49,49,647,25,8,P07-H04
S09,S09 stile R 98,732,98,119,49,732,119,25,8,P07-H01
S09,S09 stile R 98,732,98,647,49,732,647,25,8,P07-H02
S10,S10 stile L 152,607,152,50.8,95.5,95.5,50.8,25,8,P08-H03
S10,S10 stile L 152,607,152,522,95.5,95.5,522,25,8,P08-H04
S10,S10 stile R 152,607,152,50.8,56.5,899.5,50.8,25,8,P08-H01
S10,S10 stile R 152,607,152,522,56.5,899.5,522,25,8,P08-H02
S11,S11 stile L 98,732,98,119,49,49,119,25,8,P09-H03
S11,S11 stile L 98,732,98,647,49,49,647,25,8,P09-H04
S11,S11 stile R 152,732,152,119,76,545.7,119,25,8,P09-H01
S11,S11 stile R 152,732,152,647,76,545.7,647,25,8,P09-H02
S12,S12 stile L 98,732,98,119,49,49,119,25,8,P10-H03
S12,S12 stile L 98,732,98,647,49,49,647,25,8,P10-H04
S12,S12 stile R 98,732,98,119,49,523.3,119,25,8,P10-H01
S12,S12 stile R 98,732,98,647,49,523.3,647,25,8,P10-H02
S13,S13 stile L 152,607,152,50.8,105,105,50.8,25,8,P11-H03
S13,S13 stile L 152,607,152,522,105,105,522,25,8,P11-H04
S13,S13 stile R 152,607,152,50.8,76,895,50.8,25,8,P11-H01
S13,S13 stile R 152,607,152,522,76,895,522,25,8,P11-H02
S14,S14 stile L 98,607,98,50.8,49,49,50.8,25,8,P12-H03
S14,S14 stile L 98,607,98,522,49,49,522,25,8,P12-H04
S14,S14 stile R 152,607,152,50.8,47,826,50.8,25,8,P12-H01
S14,S14 stile R 152,607,152,522,47,826,522,25,8,P12-H02
S15,S15 rail 1 152,820,152,377.5,119,475.5,119,25,8,P15-H03
S15,S15 rail 2 98,820,98,377.5,13,475.5,647,25,8,P15-H04
S15,S15 stile L 98,732,98,119,49,49,119,25,8,P15-H05
S15,S15 stile L 98,732,98,647,49,49,647,25,8,P15-H06
S15,S15 stile R 98,732,98,119,48,966,119,25,8,P15-H01
S15,S15 stile R 98,732,98,647,48,966,647,25,8,P15-H02
